"","NGenes","Direction","PValue","FDR"
"AAANWWTGC_UNKNOWN",0,"Up",2,1
"AAAYRNCTG_UNKNOWN",0,"Up",2,1
"MYOD_01",0,"Up",2,1
"E47_01",0,"Up",2,1
"CMYB_01",0,"Up",2,1
"AP4_01",0,"Up",2,1
"AACTTT_UNKNOWN",0,"Up",2,1
"MEF2_01",0,"Up",2,1
"ELK1_01",0,"Up",2,1
"SP1_01",0,"Up",2,1
"EVI1_06",0,"Up",2,1
"ATF_01",0,"Up",2,1
"HOX13_01",0,"Up",2,1
"E2F_01",0,"Up",2,1
"ELK1_02",0,"Up",2,1
"RSRFC4_01",0,"Up",2,1
"CETS1P54_01",0,"Up",2,1
"AACWWCAANK_UNKNOWN",0,"Up",2,1
"P300_01",0,"Up",2,1
"NFE2_01",0,"Up",2,1
"CREB_01",0,"Up",2,1
"CREBP1_01",0,"Up",2,1
"CREBP1CJUN_01",0,"Up",2,1
"SOX5_01",0,"Up",2,1
"E4BP4_01",0,"Up",2,1
"E2F_02",0,"Up",2,1
"NFKAPPAB65_01",0,"Up",2,1
"CREL_01",0,"Up",2,1
"AACYNNNNTTCCS_UNKNOWN",0,"Up",2,1
"NFKAPPAB_01",0,"Up",2,1
"NMYC_01",0,"Up",2,1
"MYOGNF1_01",0,"Up",2,1
"COMP1_01",0,"Up",2,1
"HEN1_02",0,"Up",2,1
"YY1_01",0,"Up",2,1
"IRF1_01",0,"Up",2,1
"IRF2_01",0,"Up",2,1
"TAL1BETAE47_01",0,"Up",2,1
"TAL1ALPHAE47_01",0,"Up",2,1
"AAGWWRNYGGC_UNKNOWN",0,"Up",2,1
"HEN1_01",0,"Up",2,1
"YY1_02",0,"Up",2,1
"TAL1BETAITF2_01",0,"Up",2,1
"E47_02",0,"Up",2,1
"CP2_01",0,"Up",2,1
"GATA1_01",0,"Up",2,1
"GATA2_01",0,"Up",2,1
"GATA3_01",0,"Up",2,1
"EVI1_01",0,"Up",2,1
"EVI1_02",0,"Up",2,1
"ACAWNRNSRCGG_UNKNOWN",0,"Up",2,1
"EVI1_03",0,"Up",2,1
"EVI1_04",0,"Up",2,1
"EVI1_05",0,"Up",2,1
"MZF1_01",0,"Up",2,1
"MZF1_02",0,"Up",2,1
"ZID_01",0,"Up",2,1
"IK1_01",0,"Up",2,1
"IK2_01",0,"Up",2,1
"IK3_01",0,"Up",2,1
"CDP_01",0,"Up",2,1
"ACAWYAAAG_UNKNOWN",0,"Up",2,1
"PBX1_01",0,"Up",2,1
"PAX6_01",0,"Up",2,1
"PAX2_01",0,"Up",2,1
"S8_01",0,"Up",2,1
"CDP_02",0,"Up",2,1
"CDPCR1_01",0,"Up",2,1
"CDPCR3_01",0,"Up",2,1
"CDPCR3HD_01",0,"Up",2,1
"NRF2_01",0,"Up",2,1
"CEBPB_01",0,"Up",2,1
"ACCTGTTG_UNKNOWN",0,"Up",2,1
"CREB_02",0,"Up",2,1
"TAXCREB_01",0,"Up",2,1
"TAXCREB_02",0,"Up",2,1
"CEBPA_01",0,"Up",2,1
"CEBPB_02",0,"Up",2,1
"MYCMAX_01",0,"Up",2,1
"MAX_01",0,"Up",2,1
"USF_01",0,"Up",2,1
"USF_02",0,"Up",2,1
"MYCMAX_02",0,"Up",2,1
"ACTAYRNNNCCCR_UNKNOWN",0,"Up",2,1
"PBX1_02",0,"Up",2,1
"GATA1_02",0,"Up",2,1
"GATA1_03",0,"Up",2,1
"GATA1_04",0,"Up",2,1
"HFH1_01",0,"Up",2,1
"FOXD3_01",0,"Up",2,1
"HNF3B_01",0,"Up",2,1
"HNF1_01",0,"Up",2,1
"TST1_01",0,"Up",2,1
"HNF4_01",0,"Up",2,1
"ACTWSNACTNY_UNKNOWN",0,"Up",2,1
"OCT1_01",0,"Up",2,1
"OCT1_02",0,"Up",2,1
"OCT1_03",0,"Up",2,1
"OCT1_04",0,"Up",2,1
"AHR_01",0,"Up",2,1
"LYF1_01",0,"Up",2,1
"PAX5_01",0,"Up",2,1
"PAX5_02",0,"Up",2,1
"BRN2_01",0,"Up",2,1
"HSF1_01",0,"Up",2,1
"AGCYRWTTC_UNKNOWN",0,"Up",2,1
"HSF2_01",0,"Up",2,1
"SRY_01",0,"Up",2,1
"SRF_01",0,"Up",2,1
"ARP1_01",0,"Up",2,1
"RORA1_01",0,"Up",2,1
"RORA2_01",0,"Up",2,1
"COUP_01",0,"Up",2,1
"CEBP_01",0,"Up",2,1
"SRY_02",0,"Up",2,1
"OCT1_05",0,"Up",2,1
"ARGGGTTAA_UNKNOWN",0,"Up",2,1
"OCT1_06",0,"Up",2,1
"AP1FJ_Q2",0,"Up",2,1
"AP1_Q2",0,"Up",2,1
"AP1_Q6",0,"Up",2,1
"AP4_Q5",0,"Up",2,1
"AP4_Q6",0,"Up",2,1
"CREB_Q2",0,"Up",2,1
"CREB_Q4",0,"Up",2,1
"CREBP1_Q2",0,"Up",2,1
"MYB_Q6",0,"Up",2,1
"ATCMNTCCGY_UNKNOWN",0,"Up",2,1
"MYOD_Q6",0,"Up",2,1
"NFY_Q6",0,"Up",2,1
"SRF_Q6",0,"Up",2,1
"USF_Q6",0,"Up",2,1
"AP1_Q4",0,"Up",2,1
"AP2_Q6",0,"Up",2,1
"CEBP_Q2",0,"Up",2,1
"ER_Q6",0,"Up",2,1
"GR_Q6",0,"Up",2,1
"NF1_Q6",0,"Up",2,1
"ATGGYGGA_UNKNOWN",0,"Up",2,1
"NFKB_Q6",0,"Up",2,1
"OCT1_Q6",0,"Up",2,1
"SP1_Q6",0,"Up",2,1
"AP1_C",0,"Up",2,1
"CEBP_C",0,"Up",2,1
"GATA_C",0,"Up",2,1
"GRE_C",0,"Up",2,1
"HNF1_C",0,"Up",2,1
"NFKB_C",0,"Up",2,1
"NFY_C",0,"Up",2,1
"CAGNWMCNNNGAC_UNKNOWN",0,"Up",2,1
"OCT_C",0,"Up",2,1
"SEF1_C",0,"Up",2,1
"SRF_C",0,"Up",2,1
"TATA_C",0,"Up",2,1
"USF_C",0,"Up",2,1
"SREBP1_01",0,"Up",2,1
"SREBP1_02",0,"Up",2,1
"HAND1E47_01",0,"Up",2,1
"STAT_01",0,"Up",2,1
"STAT1_01",0,"Up",2,1
"CAGNYGKNAAA_UNKNOWN",0,"Up",2,1
"STAT3_01",0,"Up",2,1
"MEF2_02",0,"Up",2,1
"MEF2_03",0,"Up",2,1
"MEF2_04",0,"Up",2,1
"AHRARNT_01",0,"Up",2,1
"ARNT_01",0,"Up",2,1
"AHRARNT_02",0,"Up",2,1
"NKX25_01",0,"Up",2,1
"NKX25_02",0,"Up",2,1
"PPARA_01",0,"Up",2,1
"CATRRAGC_UNKNOWN",0,"Up",2,1
"EGR1_01",0,"Up",2,1
"NGFIC_01",0,"Up",2,1
"EGR3_01",0,"Up",2,1
"EGR2_01",0,"Up",2,1
"OCT1_07",0,"Up",2,1
"CHOP_01",0,"Up",2,1
"GFI1_01",0,"Up",2,1
"XBP1_01",0,"Up",2,1
"TATA_01",0,"Up",2,1
"NRSF_01",0,"Up",2,1
"CCAATNNSNNNGCG_UNKNOWN",0,"Up",2,1
"RREB1_01",0,"Up",2,1
"ISRE_01",0,"Up",2,1
"HLF_01",0,"Up",2,1
"OLF1_01",0,"Up",2,1
"AML1_01",0,"Up",2,1
"P53_02",0,"Up",2,1
"LMO2COM_01",0,"Up",2,1
"LMO2COM_02",0,"Up",2,1
"MIF1_01",0,"Up",2,1
"RFX1_01",0,"Up",2,1
"CCANNAGRKGGC_UNKNOWN",0,"Up",2,1
"RFX1_02",0,"Up",2,1
"TCF11MAFG_01",0,"Up",2,1
"TCF11_01",0,"Up",2,1
"NFY_01",0,"Up",2,1
"HFH3_01",0,"Up",2,1
"FREAC2_01",0,"Up",2,1
"FREAC3_01",0,"Up",2,1
"FREAC4_01",0,"Up",2,1
"FREAC7_01",0,"Up",2,1
"HFH8_01",0,"Up",2,1
"CCAWNWWNNNGGC_UNKNOWN",0,"Up",2,1
"NFAT_Q6",0,"Up",2,1
"MYCMAX_B",0,"Up",2,1
"PAX3_B",0,"Up",2,1
"PAX8_B",0,"Up",2,1
"WHN_B",0,"Up",2,1
"ZF5_B",0,"Up",2,1
"ATF_B",0,"Up",2,1
"ETS1_B",0,"Up",2,1
"ETS2_B",0,"Up",2,1
"GABP_B",0,"Up",2,1
"CCAWYNNGAAR_UNKNOWN",0,"Up",2,1
"OCT1_B",0,"Up",2,1
"GATA1_05",0,"Up",2,1
"PAX3_01",0,"Up",2,1
"PAX4_01",0,"Up",2,1
"PAX4_02",0,"Up",2,1
"PAX4_03",0,"Up",2,1
"PAX4_04",0,"Up",2,1
"MSX1_01",0,"Up",2,1
"HOXA3_01",0,"Up",2,1
"EN1_01",0,"Up",2,1
"CCCNNNNNNAAGWT_UNKNOWN",0,"Up",2,1
"AMEF2_Q6",0,"Up",2,1
"MMEF2_Q6",0,"Up",2,1
"HMEF2_Q6",0,"Up",2,1
"RSRFC4_Q2",0,"Up",2,1
"SOX9_B1",0,"Up",2,1
"HNF4_01_B",0,"Up",2,1
"AREB6_01",0,"Up",2,1
"AREB6_02",0,"Up",2,1
"AREB6_03",0,"Up",2,1
"AREB6_04",0,"Up",2,1
"CCGNMNNTNACG_UNKNOWN",0,"Up",2,1
"CART1_01",0,"Up",2,1
"TGIF_01",0,"Up",2,1
"MEIS1_01",0,"Up",2,1
"MEIS1AHOXA9_01",0,"Up",2,1
"MEIS1BHOXA9_01",0,"Up",2,1
"FOXJ2_01",0,"Up",2,1
"FOXJ2_02",0,"Up",2,1
"NKX61_01",0,"Up",2,1
"E2F_Q3",0,"Up",2,1
"E2F_Q4",0,"Up",2,1
"CCTNTMAGA_UNKNOWN",0,"Up",2,1
"E2F_Q6",0,"Up",2,1
"E2F1_Q3",0,"Up",2,1
"E2F1_Q4",0,"Up",2,1
"E2F1_Q6",0,"Up",2,1
"TITF1_Q3",0,"Up",2,1
"HMX1_01",0,"Up",2,1
"IPF1_Q4",0,"Up",2,1
"CHX10_01",0,"Up",2,1
"VDR_Q3",0,"Up",2,1
"SPZ1_01",0,"Up",2,1
"CGGAARNGGCNG_UNKNOWN",0,"Up",2,1
"AR_Q2",0,"Up",2,1
"ZIC1_01",0,"Up",2,1
"ZIC2_01",0,"Up",2,1
"ZIC3_01",0,"Up",2,1
"NKX3A_01",0,"Up",2,1
"IRF7_01",0,"Up",2,1
"FAC1_01",0,"Up",2,1
"STAT5A_01",0,"Up",2,1
"STAT5B_01",0,"Up",2,1
"STAT5A_02",0,"Up",2,1
"CRGAARNNNNCGA_UNKNOWN",0,"Up",2,1
"GATA6_01",0,"Up",2,1
"POU3F2_01",0,"Up",2,1
"POU3F2_02",0,"Up",2,1
"POU6F1_01",0,"Up",2,1
"HIF1_Q5",0,"Up",2,1
"ROAZ_01",0,"Up",2,1
"AP2REP_01",0,"Up",2,1
"AP2ALPHA_01",0,"Up",2,1
"AP2GAMMA_01",0,"Up",2,1
"TBP_01",0,"Up",2,1
"CTCNANGTGNY_UNKNOWN",0,"Up",2,1
"FOXO4_01",0,"Up",2,1
"FOXO1_01",0,"Up",2,1
"FOXO1_02",0,"Up",2,1
"FOXO4_02",0,"Up",2,1
"FOXO3_01",0,"Up",2,1
"CDC5_01",0,"Up",2,1
"AR_01",0,"Up",2,1
"PITX2_Q2",0,"Up",2,1
"ATF6_01",0,"Up",2,1
"NCX_01",0,"Up",2,1
"CTGCAGY_UNKNOWN",0,"Up",2,1
"NKX22_01",0,"Up",2,1
"PAX2_02",0,"Up",2,1
"NKX62_Q2",0,"Up",2,1
"BACH2_01",0,"Up",2,1
"MAZR_01",0,"Up",2,1
"STAT1_02",0,"Up",2,1
"STAT5A_03",0,"Up",2,1
"STAT6_01",0,"Up",2,1
"BACH1_01",0,"Up",2,1
"STAT1_03",0,"Up",2,1
"CTGRYYYNATT_UNKNOWN",0,"Up",2,1
"STAT3_02",0,"Up",2,1
"STAT4_01",0,"Up",2,1
"STAT5A_04",0,"Up",2,1
"STAT6_02",0,"Up",2,1
"LHX3_01",0,"Up",2,1
"ERR1_Q2",0,"Up",2,1
"PPARG_01",0,"Up",2,1
"ATF3_Q6",0,"Up",2,1
"ATF4_Q2",0,"Up",2,1
"E2F_03",0,"Up",2,1
"CTGYNNCTYTAA_UNKNOWN",0,"Up",2,1
"AP1_01",0,"Up",2,1
"PPARA_02",0,"Up",2,1
"GNCF_01",0,"Up",2,1
"NERF_Q2",0,"Up",2,1
"RP58_01",0,"Up",2,1
"HTF_01",0,"Up",2,1
"ARNT_02",0,"Up",2,1
"MYCMAX_03",0,"Up",2,1
"AFP1_Q6",0,"Up",2,1
"ALX4_01",0,"Up",2,1
"CTTTAAR_UNKNOWN",0,"Up",2,1
"CEBPDELTA_Q6",0,"Up",2,1
"CEBPGAMMA_Q6",0,"Up",2,1
"CRX_Q4",0,"Up",2,1
"DBP_Q6",0,"Up",2,1
"EFC_Q6",0,"Up",2,1
"FOXM1_01",0,"Up",2,1
"FXR_Q3",0,"Up",2,1
"GATA4_Q3",0,"Up",2,1
"GCM_Q2",0,"Up",2,1
"HNF4ALPHA_Q6",0,"Up",2,1
"CYTAGCAAY_UNKNOWN",0,"Up",2,1
"HNF6_Q6",0,"Up",2,1
"HOXA4_Q2",0,"Up",2,1
"HSF_Q6",0,"Up",2,1
"LBP1_Q6",0,"Up",2,1
"LFA1_Q6",0,"Up",2,1
"LXR_Q3",0,"Up",2,1
"MAF_Q6",0,"Up",2,1
"MAZ_Q6",0,"Up",2,1
"MTF1_Q4",0,"Up",2,1
"NFMUE1_Q6",0,"Up",2,1
"GAANYNYGACNY_UNKNOWN",0,"Up",2,1
"NRF1_Q6",0,"Up",2,1
"PEA3_Q6",0,"Up",2,1
"PTF1BETA_Q6",0,"Up",2,1
"PU1_Q6",0,"Up",2,1
"SP3_Q3",0,"Up",2,1
"TCF1P_Q6",0,"Up",2,1
"TCF4_Q5",0,"Up",2,1
"TEF_Q6",0,"Up",2,1
"TEL2_Q6",0,"Up",2,1
"ALPHACP1_01",0,"Up",2,1
"GATGKMRGCG_UNKNOWN",0,"Up",2,1
"AP3_Q6",0,"Up",2,1
"ATF1_Q6",0,"Up",2,1
"E12_Q6",0,"Up",2,1
"E4F1_Q6",0,"Up",2,1
"ETF_Q6",0,"Up",2,1
"HEB_Q6",0,"Up",2,1
"ICSBP_Q6",0,"Up",2,1
"SMAD3_Q6",0,"Up",2,1
"TEF1_Q6",0,"Up",2,1
"TFIII_Q6",0,"Up",2,1
"GCCNNNWTAAR_UNKNOWN",0,"Up",2,1
"TFIIA_Q6",0,"Up",2,1
"MYOGENIN_Q6",0,"Up",2,1
"ZF5_01",0,"Up",2,1
"PAX8_01",0,"Up",2,1
"CACBINDINGPROTEIN_Q6",0,"Up",2,1
"CACCCBINDINGFACTOR_Q6",0,"Up",2,1
"COREBINDINGFACTOR_Q6",0,"Up",2,1
"HNF3ALPHA_Q6",0,"Up",2,1
"HP1SITEFACTOR_Q6",0,"Up",2,1
"USF2_Q6",0,"Up",2,1
"GCGNNANTTCC_UNKNOWN",0,"Up",2,1
"SF1_Q6",0,"Up",2,1
"CDX2_Q5",0,"Up",2,1
"OSF2_Q6",0,"Up",2,1
"SMAD4_Q6",0,"Up",2,1
"CIZ_01",0,"Up",2,1
"E2F1DP1_01",0,"Up",2,1
"E2F1DP2_01",0,"Up",2,1
"E2F4DP1_01",0,"Up",2,1
"E2F4DP2_01",0,"Up",2,1
"E2F1DP1RB_01",0,"Up",2,1
"GCGSCMNTTT_UNKNOWN",0,"Up",2,1
"HFH4_01",0,"Up",2,1
"POU1F1_Q6",0,"Up",2,1
"LEF1_Q6",0,"Up",2,1
"ELF1_Q6",0,"Up",2,1
"IRF1_Q6",0,"Up",2,1
"SREBP1_Q6",0,"Up",2,1
"HMGIY_Q6",0,"Up",2,1
"AML1_Q6",0,"Up",2,1
"P53_DECAMER_Q2",0,"Up",2,1
"DR1_Q3",0,"Up",2,1
"GCTNWTTGK_UNKNOWN",0,"Up",2,1
"PPAR_DR1_Q2",0,"Up",2,1
"HNF4_DR1_Q3",0,"Up",2,1
"COUP_DR1_Q6",0,"Up",2,1
"LXR_DR4_Q3",0,"Up",2,1
"FXR_IR1_Q6",0,"Up",2,1
"AML_Q6",0,"Up",2,1
"CEBP_Q3",0,"Up",2,1
"ETS_Q4",0,"Up",2,1
"IRF_Q6",0,"Up",2,1
"MYB_Q3",0,"Up",2,1
"GGAANCGGAANY_UNKNOWN",0,"Up",2,1
"NFKB_Q6_01",0,"Up",2,1
"NFY_Q6_01",0,"Up",2,1
"SREBP_Q3",0,"Up",2,1
"STAT_Q6",0,"Up",2,1
"AHR_Q5",0,"Up",2,1
"GATA_Q6",0,"Up",2,1
"HNF1_Q6",0,"Up",2,1
"HNF3_Q6",0,"Up",2,1
"SMAD_Q6",0,"Up",2,1
"YY1_Q6",0,"Up",2,1
"GGAMTNNNNNTCCY_UNKNOWN",0,"Up",2,1
"TTF1_Q6",0,"Up",2,1
"OCT_Q6",0,"Up",2,1
"USF_Q6_01",0,"Up",2,1
"HIF1_Q3",0,"Up",2,1
"MYC_Q2",0,"Up",2,1
"AP2_Q3",0,"Up",2,1
"CREB_Q3",0,"Up",2,1
"PIT1_Q6",0,"Up",2,1
"E2F_Q2",0,"Up",2,1
"E2A_Q2",0,"Up",2,1
"GGARNTKYCCA_UNKNOWN",0,"Up",2,1
"LEF1_Q2",0,"Up",2,1
"NF1_Q6_01",0,"Up",2,1
"EGR_Q6",0,"Up",2,1
"PAX_Q6",0,"Up",2,1
"FOX_Q2",0,"Up",2,1
"SRF_Q4",0,"Up",2,1
"NRF2_Q4",0,"Up",2,1
"CEBP_Q2_01",0,"Up",2,1
"MYB_Q5_01",0,"Up",2,1
"ER_Q6_01",0,"Up",2,1
"GGCKCATGS_UNKNOWN",0,"Up",2,1
"AP2_Q6_01",0,"Up",2,1
"CREB_Q2_01",0,"Up",2,1
"CREB_Q4_01",0,"Up",2,1
"E2F_Q3_01",0,"Up",2,1
"E2F_Q4_01",0,"Up",2,1
"E2F_Q6_01",0,"Up",2,1
"GR_Q6_01",0,"Up",2,1
"SRF_Q5_01",0,"Up",2,1
"AP1_Q2_01",0,"Up",2,1
"AP1_Q6_01",0,"Up",2,1
"GGCNKCCATNK_UNKNOWN",0,"Up",2,1
"AP1_Q4_01",0,"Up",2,1
"AP4_Q6_01",0,"Up",2,1
"MYOD_Q6_01",0,"Up",2,1
"OCT1_Q5_01",0,"Up",2,1
"SP1_Q6_01",0,"Up",2,1
"SP1_Q4_01",0,"Up",2,1
"SP1_Q2_01",0,"Up",2,1
"NFAT_Q4_01",0,"Up",2,1
"E2F1_Q3_01",0,"Up",2,1
"E2F1_Q4_01",0,"Up",2,1
"GGCNNMSMYNTTG_UNKNOWN",0,"Up",2,1
"E2F1_Q6_01",0,"Up",2,1
"MEF2_Q6_01",0,"Up",2,1
"CP2_02",0,"Up",2,1
"AR_02",0,"Up",2,1
"PR_01",0,"Up",2,1
"GR_01",0,"Up",2,1
"AR_03",0,"Up",2,1
"PR_02",0,"Up",2,1
"ER_Q6_02",0,"Up",2,1
"PR_Q2",0,"Up",2,1
"GGCNRNWCTTYS_UNKNOWN",0,"Up",2,1
"VDR_Q6",0,"Up",2,1
"AR_Q6",0,"Up",2,1
"T3R_Q6",0,"Up",2,1
"PXR_Q2",0,"Up",2,1
"DR4_Q2",0,"Up",2,1
"DR3_Q4",0,"Up",2,1
"HNF4_Q6",0,"Up",2,1
"GGGNRMNNYCAT_UNKNOWN",0,"Up",2,1
"GGGYGTGNY_UNKNOWN",0,"Up",2,1
"GKCGCNNNNNNNTGAYG_UNKNOWN",0,"Up",2,1
"GTCNYYATGR_UNKNOWN",0,"Up",2,1
"GTGGGTGK_UNKNOWN",0,"Up",2,1
"GTTGNYNNRGNAAC_UNKNOWN",0,"Up",2,1
"GTTNYYNNGGTNA_UNKNOWN",0,"Up",2,1
"GTTRYCATRR_UNKNOWN",0,"Up",2,1
"KCCGNSWTTT_UNKNOWN",0,"Up",2,1
"KMCATNNWGGA_UNKNOWN",0,"Up",2,1
"KRCTCNNNNMANAGC_UNKNOWN",0,"Up",2,1
"KTGGYRSGAA_UNKNOWN",0,"Up",2,1
"MCAATNNNNNGCG_UNKNOWN",0,"Up",2,1
"MYAATNNNNNNNGGC_UNKNOWN",0,"Up",2,1
"RAAGNYNNCTTY_UNKNOWN",0,"Up",2,1
"RACTNNRTTTNC_UNKNOWN",0,"Up",2,1
"RNCTGNYNRNCTGNY_UNKNOWN",0,"Up",2,1
"RNGTGGGC_UNKNOWN",0,"Up",2,1
"RNTCANNRNNYNATTW_UNKNOWN",0,"Up",2,1
"RRAGTTGT_UNKNOWN",0,"Up",2,1
"RRCCGTTA_UNKNOWN",0,"Up",2,1
"RTTTNNNYTGGM_UNKNOWN",0,"Up",2,1
"RYAAAKNNNNNNTTGW_UNKNOWN",0,"Up",2,1
"RYCACNNRNNRNCAG_UNKNOWN",0,"Up",2,1
"RYTAAWNNNTGAY_UNKNOWN",0,"Up",2,1
"RYTGCNWTGGNR_UNKNOWN",0,"Up",2,1
"SMTTTTGT_UNKNOWN",0,"Up",2,1
"SNACANNNYSYAGA_UNKNOWN",0,"Up",2,1
"SYATTGTG_UNKNOWN",0,"Up",2,1
"TAANNYSGCG_UNKNOWN",0,"Up",2,1
"TAAYNRNNTCC_UNKNOWN",0,"Up",2,1
"TCCATTKW_UNKNOWN",0,"Up",2,1
"TCCCRNNRTGC_UNKNOWN",0,"Up",2,1
"TGACATY_UNKNOWN",0,"Up",2,1
"TGCGCANK_UNKNOWN",0,"Up",2,1
"TGCTGAY_UNKNOWN",0,"Up",2,1
"TGGNNNNNNKCCAR_UNKNOWN",0,"Up",2,1
"TGTYNNNNNRGCARM_UNKNOWN",0,"Up",2,1
"TMTCGCGANR_UNKNOWN",0,"Up",2,1
"TNCATNTCCYR_UNKNOWN",0,"Up",2,1
"TTANTCA_UNKNOWN",0,"Up",2,1
"TTANWNANTGGM_UNKNOWN",0,"Up",2,1
"TTCYRGAA_UNKNOWN",0,"Up",2,1
"TTTNNANAGCYR_UNKNOWN",0,"Up",2,1
"WCAANNNYCAG_UNKNOWN",0,"Up",2,1
"WCTCNATGGY_UNKNOWN",0,"Up",2,1
"WGTTNNNNNAAA_UNKNOWN",0,"Up",2,1
"WTGAAAT_UNKNOWN",0,"Up",2,1
"WTTGKCTG_UNKNOWN",0,"Up",2,1
"WWTAAGGC_UNKNOWN",0,"Up",2,1
"WYAAANNRNNNGCG_UNKNOWN",0,"Up",2,1
"YAATNANRNNNCAG_UNKNOWN",0,"Up",2,1
"YAATNRNNNYNATT_UNKNOWN",0,"Up",2,1
"YATTNATC_UNKNOWN",0,"Up",2,1
"YCATTAA_UNKNOWN",0,"Up",2,1
"YGACNNYACAR_UNKNOWN",0,"Up",2,1
"YGCANTGCR_UNKNOWN",0,"Up",2,1
"YGCGYRCGC_UNKNOWN",0,"Up",2,1
"YGTCCTTGR_UNKNOWN",0,"Up",2,1
"YKACATTT_UNKNOWN",0,"Up",2,1
"YNGTTNNNATT_UNKNOWN",0,"Up",2,1
"YNTTTNNNANGCARM_UNKNOWN",0,"Up",2,1
"YRCCAKNNGNCGC_UNKNOWN",0,"Up",2,1
"YRTCANNRCGC_UNKNOWN",0,"Up",2,1
"YTAAYNGCT_UNKNOWN",0,"Up",2,1
"YTCCCRNNAGGY_UNKNOWN",0,"Up",2,1
"YTTCCNNNGGAMR_UNKNOWN",0,"Up",2,1
"YWATTWNNRGCT_UNKNOWN",0,"Up",2,1
"YYCATTCAWW_UNKNOWN",0,"Up",2,1
"RACCACAR_AML_Q6",0,"Up",2,1
"TGANTCA_AP1_C",0,"Up",2,1
"CAGCTG_AP4_Q5",0,"Up",2,1
"CAGGTA_AREB6_01",0,"Up",2,1
"TGACGTCA_ATF3_Q6",0,"Up",2,1
"TGAYRTCA_ATF3_Q6",0,"Up",2,1
"TTGCWCAAY_CEBPB_02",0,"Up",2,1
"TAATTA_CHX10_01",0,"Up",2,1
"SGCGSSAAA_E2F1DP2_01",0,"Up",2,1
"TTAYRTAA_E4BP4_01",0,"Up",2,1
"GTGACGY_E4F1_Q6",0,"Up",2,1
"SCGGAAGY_ELK1_02",0,"Up",2,1
"TGACCTY_ERR1_Q2",0,"Up",2,1
"RYTTCCTG_ETS2_B",0,"Up",2,1
"RTAAACA_FREAC2_01",0,"Up",2,1
"MGGAAGTG_GABP_B",0,"Up",2,1
"GATAAGR_GATA_C",0,"Up",2,1
"TGATTTRY_GFI1_01",0,"Up",2,1
"AAAYWAACM_HFH4_01",0,"Up",2,1
"RGTTAMWNATT_HNF1_01",0,"Up",2,1
"TGTTTGY_HNF3_Q6",0,"Up",2,1
"TTCNRGNNNNTTC_HSF_Q6",0,"Up",2,1
"RGAANNTTC_HSF1_01",0,"Up",2,1
"STTTCRNTTT_IRF_Q6",0,"Up",2,1
"CTTTGA_LEF1_Q2",0,"Up",2,1
"YTAATTAA_LHX3_01",0,"Up",2,1
"YTATTTTNR_MEF2_02",0,"Up",2,1
"TGACAGNY_MEIS1_01",0,"Up",2,1
"RYTGCNNRGNAAC_MIF1_01",0,"Up",2,1
"CACGTG_MYC_Q2",0,"Up",2,1
"GCANCTGNY_MYOD_Q6",0,"Up",2,1
"TGCCAAR_NF1_Q6",0,"Up",2,1
"TGGAAA_NFAT_Q4_01",0,"Up",2,1
"TGASTMAGC_NFE2_01",0,"Up",2,1
"GGGNNTTTCC_NFKB_Q6_01",0,"Up",2,1
"GATTGGY_NFY_Q6_01",0,"Up",2,1
"RCGCANGCGY_NRF1_Q6",0,"Up",2,1
"YATGNWAAT_OCT_C",0,"Up",2,1
"CCCNNGGGAR_OLF1_01",0,"Up",2,1
"CGTSACG_PAX3_B",0,"Up",2,1
"GGGTGGRR_PAX4_03",0,"Up",2,1
"GGATTA_PITX2_Q2",0,"Up",2,1
"RGAGGAARY_PU1_Q6",0,"Up",2,1
"CTAWWWATA_RSRFC4_Q2",0,"Up",2,1
"TAAWWATAG_RSRFC4_Q2",0,"Up",2,1
"TGACCTTG_SF1_Q6",0,"Up",2,1
"CATTGTYY_SOX9_B1",0,"Up",2,1
"TCANNTGAY_SREBP1_01",0,"Up",2,1
"CCAWWNAAGG_SRF_Q4",0,"Up",2,1
"TTCYNRGAA_STAT5B_01",0,"Up",2,1
"TATAAA_TATA_01",0,"Up",2,1
"TGANNYRGCA_TCF11MAFG_01",0,"Up",2,1
"WGGAATGY_TEF1_Q6",0,"Up",2,1
"GCCATNTTG_YY1_Q6",0,"Up",2,1
